{
    "accuracy": 0.6259765625,
    "loss": 1.5678594782948494
}