{
    "accuracy": 0.64306640625,
    "loss": 1.5349522456526756,
    "epoch": 49.0
}