{
    "accuracy": 0.53271484375,
    "loss": 2.1277694292366505
}