{
    "accuracy": 0.69580078125,
    "loss": 1.1750631853938103,
    "epoch": 24.0
}