{
    "accuracy": 0.62744140625,
    "loss": 1.4719935692846775
}