{
    "accuracy": 0.5133856411637931,
    "loss": 4.198107719421387
}