{
    "accuracy": 0.4928778286637931,
    "loss": 3.9301541447639465
}