{
    "accuracy": 0.5712890625,
    "loss": 1.9404434189200401
}