{
    "accuracy": 0.61474609375,
    "loss": 1.7076996248215437,
    "epoch": 89.0
}