{
    "accuracy": 0.6767578125,
    "loss": 1.2703096270561218,
    "epoch": 46.0
}