{
    "accuracy": 0.40869140625,
    "loss": 2.5318962037563324
}