{
    "accuracy": 0.85966796875,
    "loss": 0.5638287831097841,
    "epoch": 104.0
}