{
    "accuracy": 0.12216796875,
    "loss": 5.798903584480286
}