{
    "accuracy": 0.4597252155172414,
    "loss": 6.274132966995239
}