{
    "accuracy": 0.44287109375,
    "loss": 2.610173262655735
}