{
    "accuracy": 0.705078125,
    "loss": 1.2378689795732498,
    "epoch": 34.0
}