{
    "accuracy": 0.4930555555555556,
    "loss": 1.6760644591043865
}