{
    "accuracy": 0.5327380952380952,
    "loss": 1.8634699923651559
}