{
    "accuracy": 0.5021033653846154,
    "loss": 2.339264303445816,
    "epoch": 41.0
}