{
    "accuracy": 0.29383263221153844,
    "loss": 4.256814330816269
}