{
    "accuracy": 0.458984375,
    "loss": 2.356762807816267
}