{
    "accuracy": 0.619140625,
    "loss": 1.6559964399784803,
    "epoch": 96.0
}