{
    "accuracy": 0.54541015625,
    "loss": 1.9339479878544807,
    "epoch": 64.0
}