{
    "accuracy": 0.5294921875,
    "loss": 1.9806945472955704
}