{
    "accuracy": 0.19248046875,
    "loss": 5.577209949493408
}