{
    "accuracy": 0.5013671875,
    "loss": 2.2318398728966713,
    "epoch": 33.0
}