{
    "accuracy": 0.87900390625,
    "loss": 0.5194457042962313,
    "epoch": 88.0
}