{
    "accuracy": 0.26787109375,
    "loss": 4.066922456026077
}