{
    "accuracy": 0.2556640625,
    "loss": 4.53454102575779
}