{
    "accuracy": 0.8640625,
    "loss": 0.5861056167632341
}