{
    "accuracy": 0.89013671875,
    "loss": 0.4565973822027445,
    "epoch": 124.0
}