{
    "accuracy": 0.288671875,
    "loss": 3.972347006201744
}