{
    "accuracy": 0.534375,
    "loss": 2.0809215679764748,
    "epoch": 28.0
}