{
    "accuracy": 0.58642578125,
    "loss": 1.8039183653891087,
    "epoch": 56.0
}