{
    "accuracy": 0.568359375,
    "loss": 1.8191089779138565
}