{
    "accuracy": 0.75283203125,
    "loss": 0.9172187224030495,
    "epoch": 37.0
}