{
    "accuracy": 0.73984375,
    "loss": 0.9736432880163193
}