{
    "accuracy": 0.22509765625,
    "loss": 4.871842443943024
}