{
    "accuracy": 0.23523888221153846,
    "loss": 4.804669380187988
}