{
    "accuracy": 0.49068509615384615,
    "loss": 2.1277811378240585,
    "epoch": 33.0
}