{
    "accuracy": 0.19130859375,
    "loss": 5.207343637943268
}