{
    "accuracy": 0.52802734375,
    "loss": 2.1310619339346886,
    "epoch": 36.0
}