{
    "accuracy": 0.7306189903846154,
    "loss": 1.0354652553796768,
    "epoch": 36.0
}