{
    "accuracy": 0.21690955528846154,
    "loss": 4.5916420221328735
}