{
    "accuracy": 0.5505952380952381,
    "loss": 1.4014446281251454
}