{
    "accuracy": 0.44047619047619047,
    "loss": 1.6842351148998926
}