{
    "accuracy": 0.10888671875,
    "loss": 5.785232231020927
}