{
    "accuracy": 0.6904296875,
    "loss": 1.138535438105464,
    "epoch": 31.0
}