{
    "accuracy": 0.6162109375,
    "loss": 1.5716655813157558
}