{
    "accuracy": 0.58056640625,
    "loss": 1.7732351496815681
}