{
    "accuracy": 0.64208984375,
    "loss": 1.4709653034806252,
    "epoch": 50.0
}