{
    "accuracy": 0.48790564903846156,
    "loss": 2.0974111407995224,
    "epoch": 39.0
}