{
    "accuracy": 0.3854792668269231,
    "loss": 3.0260080695152283
}