{
    "accuracy": 0.0537109375,
    "loss": 5.282353460788727
}