{
    "accuracy": 0.25048828125,
    "loss": 3.2821868136525154,
    "epoch": 89.0
}