{
    "accuracy": 0.19200721153846154,
    "loss": 5.090431094169617
}