{
    "accuracy": 0.30040564903846156,
    "loss": 4.242169588804245
}