{
    "accuracy": 0.4331805889423077,
    "loss": 2.5515497624874115,
    "epoch": 23.0
}