{
    "accuracy": 0.4928260216346154,
    "loss": 2.4633376002311707,
    "epoch": 94.0
}