{
    "accuracy": 0.62548828125,
    "loss": 1.676301933825016,
    "epoch": 34.0
}