{
    "accuracy": 0.13525390625,
    "loss": 6.457674503326416
}