{
    "accuracy": 0.4816468253968254,
    "loss": 1.4346421029832628
}