{
    "accuracy": 0.49404761904761907,
    "loss": 1.4329329445248558
}