{
    "accuracy": 0.08978174603174603,
    "loss": 4.772970585595994,
    "epoch": 18.0
}