{
    "accuracy": 0.005456349206349206,
    "loss": 7.093144378964863
}