{
    "accuracy": 0.89013671875,
    "loss": 0.47302943374961615,
    "epoch": 100.0
}