{
    "accuracy": 0.81201171875,
    "loss": 0.7937915436923504
}