{
    "accuracy": 0.6337890625,
    "loss": 1.4917565174400806,
    "epoch": 95.0
}