{
    "accuracy": 0.6328125,
    "loss": 1.5243569444864988
}