{
    "accuracy": 0.623046875,
    "loss": 1.5387492831796408
}