{
    "accuracy": 0.628125,
    "loss": 1.8423534855246544,
    "epoch": 46.0
}