{
    "accuracy": 0.603515625,
    "loss": 2.065298594534397
}