{
    "accuracy": 0.818359375,
    "loss": 0.7220932515338063,
    "epoch": 92.0
}