{
    "accuracy": 0.7685546875,
    "loss": 0.9764734078198671
}