{
    "accuracy": 0.71533203125,
    "loss": 1.3930930737406015,
    "epoch": 23.0
}