{
    "accuracy": 0.6328125,
    "loss": 1.7337742820382118
}