{
    "accuracy": 0.4618055555555556,
    "loss": 1.6144587993621826
}