{
    "accuracy": 0.3382286658653846,
    "loss": 3.771324396133423
}