{
    "accuracy": 0.48572716346153844,
    "loss": 2.3739186227321625,
    "epoch": 52.0
}