{
    "accuracy": 0.63037109375,
    "loss": 1.5329469051212072,
    "epoch": 87.0
}