{
    "accuracy": 0.5595703125,
    "loss": 1.8399738743901253
}