{
    "accuracy": 0.84814453125,
    "loss": 0.6566956518217921,
    "epoch": 108.0
}