{
    "accuracy": 0.67724609375,
    "loss": 1.3341046590358019
}