{
    "accuracy": 0.63525390625,
    "loss": 1.6422618608921766,
    "epoch": 78.0
}