{
    "accuracy": 0.591796875,
    "loss": 1.8650150150060654
}