{
    "accuracy": 0.6148639547413793,
    "loss": 1.5739883482456207
}