{
    "accuracy": 0.6798390355603449,
    "loss": 1.3529018461704254,
    "epoch": 52.0
}