{
    "accuracy": 0.62841796875,
    "loss": 1.774460980668664,
    "epoch": 53.0
}