{
    "accuracy": 0.60498046875,
    "loss": 1.90580128505826
}