{
    "accuracy": 0.89599609375,
    "loss": 0.43596401112154126,
    "epoch": 115.0
}