{
    "accuracy": 0.36083984375,
    "loss": 3.1367049515247345
}