{
    "accuracy": 0.4123046875,
    "loss": 3.077775314450264
}