{
    "accuracy": 0.52255859375,
    "loss": 2.3181949257850647
}