{
    "accuracy": 0.897265625,
    "loss": 0.43452780693769455,
    "epoch": 127.0
}