{
    "accuracy": 0.723828125,
    "loss": 1.1961797997355461
}