{
    "accuracy": 0.5294921875,
    "loss": 2.329955853521824,
    "epoch": 80.0
}