{
    "accuracy": 0.42099609375,
    "loss": 2.721246749162674
}