{
    "accuracy": 0.4845703125,
    "loss": 2.161403141915798,
    "epoch": 26.0
}