{
    "accuracy": 0.454296875,
    "loss": 2.2228169813752174
}