{
    "accuracy": 0.60400390625,
    "loss": 1.6503805741667747
}