{
    "accuracy": 0.6318359375,
    "loss": 1.502555076032877,
    "epoch": 42.0
}