{
    "accuracy": 0.60302734375,
    "loss": 1.5573764890432358
}