{
    "accuracy": 0.83056640625,
    "loss": 0.7012364938855171,
    "epoch": 118.0
}