{
    "accuracy": 0.08447265625,
    "loss": 6.961773112416267
}