{
    "accuracy": 0.5009765625,
    "loss": 2.2419965341687202
}