{
    "accuracy": 0.82763671875,
    "loss": 0.7072617928497493,
    "epoch": 113.0
}