{
    "accuracy": 0.13839285714285715,
    "loss": 3.9345259552910212,
    "epoch": 6.0
}