{
    "accuracy": 0.10317460317460317,
    "loss": 6.166950914594862
}