{
    "accuracy": 0.621031746031746,
    "loss": 1.4467874453181313,
    "epoch": 31.0
}
