{
    "accuracy": 0.49169921875,
    "loss": 2.7046575136482716
}