{
    "accuracy": 0.615234375,
    "loss": 1.913191156461835,
    "epoch": 81.0
}