{
    "accuracy": 0.62158203125,
    "loss": 1.5527161974459887,
    "epoch": 51.0
}