{
    "accuracy": 0.51953125,
    "loss": 2.042156271636486
}