{
    "accuracy": 0.3359375,
    "loss": 3.6382691338658333
}