{
    "accuracy": 0.84326171875,
    "loss": 0.6628968985751271,
    "epoch": 112.0
}