{
    "accuracy": 0.5282738095238095,
    "loss": 1.5512874287272256
}