{
    "accuracy": 0.5426587301587301,
    "loss": 1.770281051832532
}