{
    "accuracy": 0.5615079365079365,
    "loss": 1.6764821287185427
}