{
    "accuracy": 0.5337301587301587,
    "loss": 3.634317110455225
}