{
    "accuracy": 0.4638671875,
    "loss": 1.5318983606994152
}