{
<<<<<<< HEAD
    "accuracy": 0.17822265625,
    "loss": 3.6821380853652954,
    "epoch": 3.0
}
=======
    "accuracy": 0.9794921875,
    "loss": 0.0878873608307913,
    "epoch": 223.0
}
>>>>>>> 515dfa65831761720f70ee3ff83b5cdf150a240c
