{
    "accuracy": 0.30078125,
    "loss": 3.62044470757246
}