{
    "accuracy": 0.5763888888888888,
    "loss": 2.3237869550311374
}