{
    "accuracy": 0.2577256944444445,
    "loss": 2.5108618527650832
}