{
    "accuracy": 0.52919921875,
    "loss": 3.4971239119768143
}