{
    "accuracy": 0.86279296875,
    "loss": 0.46625077072530985
}