{
    "accuracy": 0.27783203125,
    "loss": 3.7537883147597313
}