{
    "accuracy": 0.45263671875,
    "loss": 2.4567336216568947
}