{
    "accuracy": 0.84326171875,
    "loss": 0.5135193611495197
}