{
    "accuracy": 0.5252976190476191,
    "loss": 3.4100912090331787
}