{
    "accuracy": 0.9619140625,
    "loss": 0.14462655782699585,
    "epoch": 181.0
}
