{
    "accuracy": 0.62060546875,
    "loss": 1.586884830147028,
    "epoch": 43.0
}