{
    "accuracy": 0.5771484375,
    "loss": 1.8188232816755772,
    "epoch": 14.0
}