{
    "accuracy": 0.798828125,
    "loss": 0.7107057077810168
}