{
    "accuracy": 0.62255859375,
    "loss": 1.7002780698239803
}