{
<<<<<<< HEAD
    "accuracy": 0.4638671875,
    "loss": 1.5318983606994152
=======
    "accuracy": 0.3017578125,
    "loss": 6.99123777076602
>>>>>>> bbabeb495dbc2f2cf6c5e32204b5edb12e6d5b28
}