{
    "accuracy": 0.92822265625,
    "loss": 0.2689637260045856,
    "epoch": 99.0
}