{
    "accuracy": 0.64697265625,
    "loss": 1.6220638118684292,
    "epoch": 126.0
}