{
    "accuracy": 0.58740234375,
    "loss": 1.5463377721607685
}