{
    "accuracy": 0.88916015625,
    "loss": 0.3304763315245509
}