{
    "accuracy": 0.80517578125,
    "loss": 0.700192017480731
}