{
    "accuracy": 0.58544921875,
    "loss": 1.753845203667879
}