{
    "accuracy": 0.5419921875,
    "loss": 2.091194950044155
}