{
    "accuracy": 0.5520833333333334,
    "loss": 3.9948506459357245
}