{
    "accuracy": 0.56884765625,
    "loss": 2.048176810145378,
    "epoch": 147.0
}