{
    "accuracy": 0.3703125,
    "loss": 1.940889823436737
}