{
    "accuracy": 0.623046875,
    "loss": 1.5836743339896202,
    "epoch": 50.0
}