{
    "accuracy": 0.83349609375,
    "loss": 0.5276658227667212,
    "epoch": 59.0
}