{
    "accuracy": 0.583984375,
    "loss": 1.9866995252668858
}