{
    "accuracy": 0.48046875,
    "loss": 1.4365081191062927
}