{
    "accuracy": 0.0771484375,
    "loss": 4.688521310687065
}