{
    "accuracy": 0.5466269841269841,
    "loss": 2.573825035776411
}