{
    "accuracy": 0.78173828125,
    "loss": 1.0989102106541395
}