{
    "accuracy": 0.962890625,
    "loss": 0.12230707419803366,
    "epoch": 185.0
}