{
    "accuracy": 0.515625,
    "loss": 2.151962362229824
}