{
    "accuracy": 0.60400390625,
    "loss": 1.618409939110279
}