{
    "accuracy": 0.06982421875,
    "loss": 7.485290914773941
}