{
    "accuracy": 0.94873046875,
    "loss": 0.20016252645291388
}