{
    "accuracy": 0.39599609375,
    "loss": 3.0039188265800476
}