{
    "accuracy": 0.56591796875,
    "loss": 1.8390748500823975
}