{
    "accuracy": 0.59619140625,
    "loss": 1.6939161866903305
}