{
    "accuracy": 0.5744047619047619,
    "loss": 3.7115420576125855
}