{
    "accuracy": 0.41162109375,
    "loss": 2.9509794414043427,
    "epoch": 101.0
}