{
    "accuracy": 0.25146484375,
    "loss": 3.9088350608944893
}