{
    "accuracy": 0.986328125,
    "loss": 0.04996292933356017
}