{
    "accuracy": 0.9794921875,
    "loss": 0.0878873608307913,
    "epoch": 223.0
}
