{
    "accuracy": 0.44677734375,
    "loss": 2.586724419146776
}