{
    "accuracy": 0.5362103174603174,
    "loss": 3.952507770250714
}