{
    "accuracy": 0.19970703125,
    "loss": 3.981987379491329
}