{
    "accuracy": 0.13623046875,
    "loss": 4.935735687613487
}