{
    "accuracy": 0.5436507936507936,
    "loss": 1.7163625350074163
}