{
    "accuracy": 0.76611328125,
    "loss": 0.9137446442618966
}