{
    "accuracy": 0.92041015625,
    "loss": 0.31035231053829193,
    "epoch": 186.0
}