{
    "accuracy": 0.68798828125,
    "loss": 1.1395155312493443
}