{
<<<<<<< HEAD
    "accuracy": 0.39599609375,
    "loss": 3.0039188265800476
=======
    "accuracy": 0.91748046875,
    "loss": 0.3148691450478509
>>>>>>> b897e9ee7fc4752faee7bd4797140adfa73f975e
}