{
    "accuracy": 0.5689484126984127,
    "loss": 1.6379712422688801
}