{
    "accuracy": 0.03369140625,
    "loss": 5.854676261544228
}