{
    "accuracy": 0.93896484375,
    "loss": 0.2226234314730391
}