{
    "accuracy": 0.48515625,
    "loss": 1.5011020585894586
}