{
    "accuracy": 0.6337890625,
    "loss": 1.611342266201973,
    "epoch": 107.0
}