{
    "accuracy": 0.564484126984127,
    "loss": 4.010346747580028
}