{
    "accuracy": 0.53759765625,
    "loss": 2.087877970188856
}