{
    "accuracy": 0.69970703125,
    "loss": 1.400782928802073
}