{
    "accuracy": 0.30224609375,
    "loss": 3.4928156211972237
}