{
    "accuracy": 0.5146484375,
    "loss": 2.06443028151989
}