{
    "accuracy": 0.5069444444444444,
    "loss": 4.395279078256516
}