{
    "accuracy": 0.8603515625,
    "loss": 0.5144311240874231,
    "epoch": 92.0
}