{
    "accuracy": 0.3017578125,
    "loss": 6.99123777076602
}