{
    "accuracy": 0.4072265625,
    "loss": 1.8431860320270061
}