{
    "accuracy": 0.994140625,
    "loss": 0.023739026806651964,
    "epoch": 288.0
}