{
    "accuracy": 0.25439453125,
    "loss": 3.9182585701346397
}