{
    "accuracy": 0.28662109375,
    "loss": 10.943337075412273
}