{
    "accuracy": 0.59130859375,
    "loss": 1.6720668394118547,
    "epoch": 44.0
}