{
    "accuracy": 0.8994140625,
    "loss": 0.30988337262533605
}