{
    "accuracy": 0.89697265625,
    "loss": 0.31926907040178776,
    "epoch": 80.0
}