{
    "accuracy": 0.54736328125,
    "loss": 2.0323935225605965,
    "epoch": 115.0
}