{
    "accuracy": 0.99169921875,
    "loss": 0.02811721115722321
}