{
    "accuracy": 0.5054563492063492,
    "loss": 4.372275473579528
}