{
    "accuracy": 0.9501953125,
    "loss": 0.15447702875826508
}