{
    "accuracy": 0.5441468253968254,
    "loss": 3.4059838662071833
}