{
    "accuracy": 0.62060546875,
    "loss": 1.5724620334804058
}