{
    "accuracy": 0.04248046875,
    "loss": 4.943790107965469
}