{
    "accuracy": 0.6123046875,
    "loss": 1.6183264013379812
}