{
    "accuracy": 0.53662109375,
    "loss": 2.7645398564636707
}