{
    "accuracy": 0.3701171875,
    "loss": 3.1560088247060776
}