{
    "accuracy": 0.8193359375,
    "loss": 0.7069959305226803,
    "epoch": 55.0
}