{
    "accuracy": 0.8583984375,
    "loss": 0.4644929254427552
}