{
    "accuracy": 0.9853515625,
    "loss": 0.05876897517009638,
    "epoch": 259.0
}