{
    "accuracy": 0.91748046875,
    "loss": 0.3148691450478509
}