{
    "accuracy": 0.03515625,
    "loss": 4.83578234910965,
    "epoch": 2.0
}