{
    "accuracy": 0.61767578125,
    "loss": 1.5396671034395695
}