{
    "accuracy": 0.546875,
    "loss": 1.7475568819791079
}