{
    "accuracy": 0.5491071428571429,
    "loss": 4.0848673184712725
}