{
    "accuracy": 0.38427734375,
    "loss": 4.193455629050732
}