{
    "accuracy": 0.65869140625,
    "loss": 1.702630054205656
}