{
    "accuracy": 0.4853515625,
    "loss": 3.1793308332562447
}