{
<<<<<<< HEAD
    "accuracy": 0.06982421875,
    "loss": 7.485290914773941
=======
    "accuracy": 0.69970703125,
    "loss": 1.400782928802073
>>>>>>> 515dfa65831761720f70ee3ff83b5cdf150a240c
}