{
    "accuracy": 0.68408203125,
    "loss": 1.0922875590622425,
    "epoch": 38.0
}