{
    "accuracy": 0.17822265625,
    "loss": 3.6821380853652954,
    "epoch": 3.0
}