{
    "accuracy": 0.00927734375,
    "loss": 12.832576245069504
}