{
    "accuracy": 0.4130859375,
    "loss": 2.557918667793274
}