{
    "accuracy": 0.658203125,
    "loss": 1.4774221628904343
}