{
    "accuracy": 0.8759765625,
    "loss": 0.5206377590075135,
    "epoch": 91.0
}