{
    "accuracy": 0.7306547619047619,
    "loss": 1.2886904790287925
}