{
    "accuracy": 0.7495039682539683,
    "loss": 1.2721127659555465,
    "epoch": 48.0
}