{
    "accuracy": 0.57275390625,
    "loss": 1.847104400396347
}