{
    "accuracy": 0.85400390625,
    "loss": 0.6190033536404371,
    "epoch": 95.0
}