{
    "accuracy": 0.63134765625,
    "loss": 1.4788162522017956,
    "epoch": 65.0
}