{
    "accuracy": 0.62841796875,
    "loss": 1.5165683291852474
}