{
    "accuracy": 0.3288690476190476,
    "loss": 3.2824962517571827
}