{
    "accuracy": 0.5793650793650794,
    "loss": 1.6521505439092243,
    "epoch": 31.0
}