{
    "accuracy": 0.4494047619047619,
    "loss": 2.6746387292468357
}