{
    "accuracy": 0.8075396825396826,
    "loss": 0.7968805323517512,
    "epoch": 56.0
}