{
    "accuracy": 0.568359375,
    "loss": 1.7613395601511002
}