{
    "accuracy": 0.62255859375,
    "loss": 1.5532128550112247,
    "epoch": 85.0
}