{
    "accuracy": 0.9347205528846154,
    "loss": 0.3470192290842533,
    "epoch": 93.0
}