{
    "accuracy": 0.6212064302884616,
    "loss": 1.6659882962703705
}