{
    "accuracy": 0.6441608297413793,
    "loss": 1.359427124261856,
    "epoch": 35.0
}