{
    "accuracy": 0.12338362068965517,
    "loss": 4.892893314361572
}