{
    "accuracy": 0.6233473557692308,
    "loss": 1.9584816992282867,
    "epoch": 54.0
}