{
    "accuracy": 0.5660682091346154,
    "loss": 2.268778145313263
}