{
    "accuracy": 0.572265625,
    "loss": 1.8337322771549225
}