{
    "accuracy": 0.76513671875,
    "loss": 0.9840610027313232,
    "epoch": 48.0
}