{
    "accuracy": 0.46726190476190477,
    "loss": 1.5800349343390692
}