{
    "accuracy": 0.5307539682539683,
    "loss": 1.4402829560022505
}