{
    "accuracy": 0.67431640625,
    "loss": 1.38109134696424,
    "epoch": 43.0
}