{
    "accuracy": 0.236328125,
    "loss": 5.065422028303146
}