{
    "accuracy": 0.5505952380952381,
    "loss": 1.5481655276010906
}