{
    "accuracy": 0.5228174603174603,
    "loss": 1.4770794879822504
}