{
    "accuracy": 0.6806640625,
    "loss": 1.3086781278252602
}