{
    "accuracy": 0.8291015625,
    "loss": 0.7191823646426201,
    "epoch": 91.0
}