{
    "accuracy": 0.73779296875,
    "loss": 1.1484026182442904,
    "epoch": 25.0
}