{
    "accuracy": 0.6728515625,
    "loss": 1.3913678228855133
}