{
    "accuracy": 0.4955357142857143,
    "loss": 1.8192248117356074
}