{
    "accuracy": 0.566468253968254,
    "loss": 1.4696794578007288
}