{
    "accuracy": 0.5421626984126984,
    "loss": 1.6392830061534094
}