{
    "accuracy": 0.303125,
    "loss": 4.05931918695569
}