{
    "accuracy": 0.3466796875,
    "loss": 3.3732555881142616
}