{
    "accuracy": 0.75830078125,
    "loss": 1.0081670163199306,
    "epoch": 47.0
}