{
    "accuracy": 0.4779431573275862,
    "loss": 1.540063887834549
}