{
    "accuracy": 0.48205145474137934,
    "loss": 1.541331559419632
}